col,tab
Ht,mlb_season_draft_player_bios_2004
Ht,mlb_season_draft_player_bios_1997
Ht,mlb_season_draft_player_bios_1988
Ht,mlb_season_draft_player_bios_1981
Ht,mlb_season_draft_player_bios_1992
Ht,mlb_season_draft_player_bios_2019
Ht,mlb_season_draft_player_bios_1986
Ht,mlb_season_draft_player_bios_2007
Ht,mlb_season_draft_player_bios_1998
Ht,mlb_season_draft_player_bios_2009
Ht,mlb_season_draft_player_bios_2013
Ht,mlb_season_draft_player_bios_1999
Ht,mlb_season_draft_player_bios_1983
Ht,mlb_season_draft_player_bios_1990
Ht,mlb_season_draft_player_bios_2001
Ht,mlb_season_draft_player_bios_2010
Ht,mlb_season_draft_player_bios_2008
Ht,mlb_season_draft_player_bios_1991
Ht,mlb_season_draft_player_bios_1995
Ht,mlb_season_draft_player_bios_1993
Ht,mlb_season_draft_player_bios_1994
Ht,mlb_season_draft_player_bios_2003
Ht,mlb_season_draft_player_bios_2005
Ht,mlb_season_draft_player_bios_2011
Ht,mlb_season_draft_player_bios_2014
Ht,mlb_season_draft_player_bios_2018
Ht,mlb_season_draft_player_bios_2002
Ht,mlb_season_draft_player_bios_2021
Ht,mlb_season_draft_player_bios_1985
Ht,mlb_season_draft_player_bios_2015
Ht,mlb_season_draft_player_bios_1984
Ht,mlb_season_draft_player_bios_1980
G,mlb_all_teams
W,mlb_all_teams
L,mlb_all_teams
R,mlb_all_teams
AB,mlb_all_teams
H,mlb_all_teams
HR,mlb_all_teams
RA,mlb_all_teams
Ht,mlb_season_draft_player_bios_1987
Ht,mlb_season_draft_player_bios_1989
Ht,mlb_season_draft_player_bios_2022
Ht,mlb_season_draft_player_bios_2016
Ht,mlb_season_draft_player_bios_2012
Ht,mlb_season_draft_player_bios_1982
Ht,mlb_season_draft_player_bios_2017
Ht,mlb_season_draft_player_bios_2020
Ht,mlb_season_draft_player_bios_2006
Ht,mlb_season_draft_player_bios_1996
Ht,mlb_season_draft_player_bios_2000
G.3,nba_season_coaches_stats_2023
W.3,nba_season_coaches_stats_2023
L.3,nba_season_coaches_stats_2023
Sc%,nfl_season_team_defense_stats_1994
TO%,nfl_season_team_defense_stats_1994
Y/Tgt,nfl_season_player_scrimmage_stats_1987
QBrec,nfl_season_player_passing_stats_2001
Y/Tgt,nfl_season_player_scrimmage_stats_1980
Ctch%,nfl_season_player_receiving_stats_1998
Ctch%,nfl_season_player_scrimmage_stats_2010
Y/Tgt,nfl_season_player_receiving_stats_1990
QBrec,nfl_season_player_passing_stats_1996
Y/Tgt,nfl_season_player_scrimmage_stats_1985
QBHits,nfl_season_player_defense_stats_2005
PD,nfl_season_player_defense_stats_1984
TFL,nfl_season_player_defense_stats_1984
QBHits,nfl_season_player_defense_stats_1984
Y/Tgt,nfl_season_player_receiving_stats_1988
Ctch%,nfl_season_player_scrimmage_stats_2008
Ctch%,nfl_season_player_receiving_stats_2010
Ctch%,nfl_season_player_receiving_stats_2003
Y/Tgt,nfl_season_player_scrimmage_stats_1990
Y/Tgt,nfl_season_player_scrimmage_stats_1984
Ctch%,nfl_season_player_receiving_stats_1997
QBrec,nfl_season_player_passing_stats_2012
Y/Tgt,nfl_season_player_scrimmage_stats_1991
Ctch%,nfl_season_player_scrimmage_stats_1992
PD,nfl_season_player_defense_stats_1995
TFL,nfl_season_player_defense_stats_1995
QBHits,nfl_season_player_defense_stats_1995
QBrec,nfl_season_player_passing_stats_2022
QBrec,nfl_season_player_passing_stats_2006
Sc%,nfl_season_team_defense_stats_1980
TO%,nfl_season_team_defense_stats_1980
Ctch%,nfl_season_player_receiving_stats_2004
QBrec,nfl_season_player_passing_stats_2011
Ctch%,nfl_season_player_receiving_stats_1996
Ctch%,nfl_season_player_scrimmage_stats_1998
Ctch%,nfl_season_player_scrimmage_stats_2007
PD,nfl_season_player_defense_stats_1996
TFL,nfl_season_player_defense_stats_1996
QBHits,nfl_season_player_defense_stats_1996
PD,nfl_season_player_defense_stats_1989
TFL,nfl_season_player_defense_stats_1989
QBHits,nfl_season_player_defense_stats_1989
QBHits,nfl_season_player_defense_stats_2002
Y/Tgt,nfl_season_player_receiving_stats_1987
Ctch%,nfl_season_player_scrimmage_stats_2005
QBrec,nfl_season_player_passing_stats_2020
Ctch%,nfl_season_player_receiving_stats_1999
QBrec,nfl_season_player_passing_stats_2015
QBrec,nfl_season_player_passing_stats_1995
Ctch%,nfl_season_player_receiving_stats_2021
QBrec,nfl_season_player_passing_stats_2003
QBrec,nfl_season_player_passing_stats_1989
QBrec,nfl_season_player_passing_stats_1993
Ctch%,nfl_season_player_receiving_stats_2008
QBrec,nfl_season_player_passing_stats_1986
QBrec,nfl_season_player_passing_stats_2018
Ctch%,nfl_season_player_scrimmage_stats_1997
PD,nfl_season_player_defense_stats_1987
TFL,nfl_season_player_defense_stats_1987
QBHits,nfl_season_player_defense_stats_1987
QBHits,nfl_season_player_defense_stats_2000
PD,nfl_season_player_defense_stats_1982
FF,nfl_season_player_defense_stats_1982
TFL,nfl_season_player_defense_stats_1982
QBHits,nfl_season_player_defense_stats_1982
PD,nfl_season_player_defense_stats_1994
TFL,nfl_season_player_defense_stats_1994
QBHits,nfl_season_player_defense_stats_1994
Sfty,nfl_season_player_defense_stats_2021
PD,nfl_season_player_defense_stats_1990
TFL,nfl_season_player_defense_stats_1990
QBHits,nfl_season_player_defense_stats_1990
PD,nfl_season_player_defense_stats_1993
TFL,nfl_season_player_defense_stats_1993
QBHits,nfl_season_player_defense_stats_1993
Sc%,nfl_season_team_defense_stats_1988
TO%,nfl_season_team_defense_stats_1988
QBrec,nfl_season_player_passing_stats_2004
QBrec,nfl_season_player_passing_stats_2014
Y/Tgt,nfl_season_player_receiving_stats_1980
PD,nfl_season_player_defense_stats_1980
FF,nfl_season_player_defense_stats_1980
Comb,nfl_season_player_defense_stats_1980
Solo,nfl_season_player_defense_stats_1980
Ast,nfl_season_player_defense_stats_1980
TFL,nfl_season_player_defense_stats_1980
QBHits,nfl_season_player_defense_stats_1980
PD,nfl_season_player_defense_stats_1998
TFL,nfl_season_player_defense_stats_1998
QBHits,nfl_season_player_defense_stats_1998
Ctch%,nfl_season_player_receiving_stats_1995
Y/Tgt,nfl_season_player_scrimmage_stats_1981
Sc%,nfl_season_team_defense_stats_1996
TO%,nfl_season_team_defense_stats_1996
Ctch%,nfl_season_player_receiving_stats_2016
Ctch%,nfl_season_player_receiving_stats_2019
Ctch%,nfl_season_player_receiving_stats_2006
Ctch%,nfl_season_player_scrimmage_stats_2018
Y/Tgt,nfl_season_player_scrimmage_stats_1983
QBHits,nfl_season_player_defense_stats_2001
QBrec,nfl_season_player_passing_stats_2009
QBrec,nfl_season_player_passing_stats_2000
QBrec,nfl_season_player_passing_stats_2013
Ctch%,nfl_season_player_receiving_stats_2005
QBrec,nfl_season_player_passing_stats_2016
QBrec,nfl_season_player_passing_stats_2021
QBrec,nfl_season_player_passing_stats_1991
Ctch%,nfl_season_player_receiving_stats_1994
Sc%,nfl_season_team_defense_stats_1992
TO%,nfl_season_team_defense_stats_1992
Y/Tgt,nfl_season_player_receiving_stats_1991
QBrec,nfl_season_player_passing_stats_1981
Y/Tgt,nfl_season_player_receiving_stats_1981
Sc%,nfl_season_team_defense_stats_1984
TO%,nfl_season_team_defense_stats_1984
Ctch%,nfl_season_player_scrimmage_stats_2020
Ctch%,nfl_season_player_scrimmage_stats_2016
Sc%,nfl_season_team_defense_stats_1997
TO%,nfl_season_team_defense_stats_1997
PD,nfl_season_player_defense_stats_1997
TFL,nfl_season_player_defense_stats_1997
QBHits,nfl_season_player_defense_stats_1997
Y/Tgt,nfl_season_player_receiving_stats_1985
QBrec,nfl_season_player_passing_stats_2019
QBHits,nfl_season_player_defense_stats_2004
Sc%,nfl_season_team_defense_stats_1995
TO%,nfl_season_team_defense_stats_1995
Sc%,nfl_season_team_defense_stats_1987
TO%,nfl_season_team_defense_stats_1987
Y/Tgt,nfl_season_player_scrimmage_stats_1982
QBrec,nfl_season_player_passing_stats_1990
Ctch%,nfl_season_player_scrimmage_stats_2000
Sc%,nfl_season_team_defense_stats_1981
TO%,nfl_season_team_defense_stats_1981
Sc%,nfl_season_team_defense_stats_1985
TO%,nfl_season_team_defense_stats_1985
QBrec,nfl_season_player_passing_stats_1987
Ctch%,nfl_season_player_receiving_stats_2007
Ctch%,nfl_season_player_scrimmage_stats_1994
Ctch%,nfl_season_player_scrimmage_stats_2004
Ctch%,nfl_season_player_scrimmage_stats_2014
QBrec,nfl_season_player_passing_stats_1985
QBrec,nfl_season_player_passing_stats_1994
QBrec,nfl_season_player_passing_stats_1982
PD,nfl_season_player_defense_stats_1992
TFL,nfl_season_player_defense_stats_1992
QBHits,nfl_season_player_defense_stats_1992
Ctch%,nfl_season_player_scrimmage_stats_2003
Ctch%,nfl_season_player_scrimmage_stats_2021
Ctch%,nfl_season_player_scrimmage_stats_1995
Sc%,nfl_season_team_defense_stats_1989
TO%,nfl_season_team_defense_stats_1989
Ctch%,nfl_season_player_scrimmage_stats_2006
Ctch%,nfl_season_player_scrimmage_stats_2017
Ctch%,nfl_season_player_receiving_stats_2015
Ctch%,nfl_season_player_scrimmage_stats_2013
Y/Tgt,nfl_season_player_scrimmage_stats_1988
Ctch%,nfl_season_player_receiving_stats_2020
Ctch%,nfl_season_player_scrimmage_stats_2002
Sc%,nfl_season_team_defense_stats_1991
TO%,nfl_season_team_defense_stats_1991
QBrec,nfl_season_player_passing_stats_2005
Ctch%,nfl_season_player_scrimmage_stats_2011
Sc%,nfl_season_team_defense_stats_1990
TO%,nfl_season_team_defense_stats_1990
PD,nfl_season_player_defense_stats_1986
TFL,nfl_season_player_defense_stats_1986
QBHits,nfl_season_player_defense_stats_1986
Y/Tgt,nfl_season_player_receiving_stats_1983
Ctch%,nfl_season_player_scrimmage_stats_2009
Sc%,nfl_season_team_defense_stats_1986
TO%,nfl_season_team_defense_stats_1986
QBrec,nfl_season_player_passing_stats_2010
QBrec,nfl_season_player_passing_stats_1980
Ctch%,nfl_season_player_receiving_stats_2009
PD,nfl_season_player_defense_stats_1985
TFL,nfl_season_player_defense_stats_1985
QBHits,nfl_season_player_defense_stats_1985
PD,nfl_season_player_defense_stats_1991
TFL,nfl_season_player_defense_stats_1991
QBHits,nfl_season_player_defense_stats_1991
Ctch%,nfl_season_player_receiving_stats_1993
Ctch%,nfl_season_player_receiving_stats_2022
QBrec,nfl_season_player_passing_stats_2017
Ctch%,nfl_season_player_receiving_stats_2011
Ctch%,nfl_season_player_receiving_stats_2018
Y/Tgt,nfl_season_player_receiving_stats_1986
QBrec,nfl_season_player_passing_stats_1997
QBrec,nfl_season_player_passing_stats_1992
Ctch%,nfl_season_player_scrimmage_stats_2022
QBrec,nfl_season_player_passing_stats_1988
PD,nfl_season_player_defense_stats_1981
FF,nfl_season_player_defense_stats_1981
TFL,nfl_season_player_defense_stats_1981
QBHits,nfl_season_player_defense_stats_1981
QBrec,nfl_season_player_passing_stats_1983
Y/Tgt,nfl_season_player_receiving_stats_1984
QBrec,nfl_season_player_passing_stats_2007
Ctch%,nfl_season_player_receiving_stats_1992
Ctch%,nfl_season_player_scrimmage_stats_1996
Y/Tgt,nfl_season_player_scrimmage_stats_1989
Y/Tgt,nfl_season_player_scrimmage_stats_1986
QBrec,nfl_season_player_passing_stats_2008
Ctch%,nfl_season_player_receiving_stats_2002
Y/Tgt,nfl_season_player_receiving_stats_1989
Ctch%,nfl_season_player_receiving_stats_2001
QBHits,nfl_season_player_defense_stats_1999
QBrec,nfl_season_player_passing_stats_1984
QBHits,nfl_season_player_defense_stats_2003
Ctch%,nfl_season_player_receiving_stats_2017
Ctch%,nfl_season_player_scrimmage_stats_2001
Ctch%,nfl_season_player_scrimmage_stats_1993
Sc%,nfl_season_team_defense_stats_1983
TO%,nfl_season_team_defense_stats_1983
Ctch%,nfl_season_player_receiving_stats_2013
Ctch%,nfl_season_player_receiving_stats_2014
Ctch%,nfl_season_player_scrimmage_stats_2019
PD,nfl_season_player_defense_stats_1988
TFL,nfl_season_player_defense_stats_1988
QBHits,nfl_season_player_defense_stats_1988
QBrec,nfl_season_player_passing_stats_1999
Sc%,nfl_season_team_defense_stats_1982
TO%,nfl_season_team_defense_stats_1982
QBrec,nfl_season_player_passing_stats_1998
Ctch%,nfl_season_player_receiving_stats_2000
PD,nfl_season_player_defense_stats_1983
TFL,nfl_season_player_defense_stats_1983
QBHits,nfl_season_player_defense_stats_1983
Ctch%,nfl_season_player_scrimmage_stats_1999
Ctch%,nfl_season_player_scrimmage_stats_2012
QBrec,nfl_season_player_passing_stats_2002
Ctch%,nfl_season_player_receiving_stats_2012
Sc%,nfl_season_team_defense_stats_1993
TO%,nfl_season_team_defense_stats_1993
Y/Tgt,nfl_season_player_receiving_stats_1982
Ctch%,nfl_season_player_scrimmage_stats_2015
EV.1,nhl_playoff_player_stats_1980
PP.1,nhl_playoff_player_stats_1980
SH.1,nhl_playoff_player_stats_1980
TOI,nhl_playoff_player_stats_1980
ATOI,nhl_playoff_player_stats_1980
GS,nhl_season_player_goalie_stats_2000
QS,nhl_season_player_goalie_stats_2000
QS%,nhl_season_player_goalie_stats_2000
RBS,nhl_season_player_goalie_stats_2000
GPS,nhl_playoff_player_goalie_stats_2022
TOI,nhl_season_player_stats_1986
ATOI,nhl_season_player_stats_1986
EV.1,nhl_playoff_player_stats_2002
PP.1,nhl_playoff_player_stats_2002
SH.1,nhl_playoff_player_stats_2002
ATOI,nhl_playoff_player_stats_2002
EV.1,nhl_playoff_player_stats_1982
PP.1,nhl_playoff_player_stats_1982
SH.1,nhl_playoff_player_stats_1982
TOI,nhl_playoff_player_stats_1982
ATOI,nhl_playoff_player_stats_1982
GS,nhl_season_player_goalie_stats_1999
QS,nhl_season_player_goalie_stats_1999
QS%,nhl_season_player_goalie_stats_1999
RBS,nhl_season_player_goalie_stats_1999
GPS,nhl_playoff_player_goalie_stats_2015
GS,nhl_season_player_goalie_stats_1992
QS,nhl_season_player_goalie_stats_1992
QS%,nhl_season_player_goalie_stats_1992
RBS,nhl_season_player_goalie_stats_1992
ATOI,nhl_season_player_stats_2012
ATOI,nhl_season_player_stats_2010
TOI,nhl_season_player_stats_1988
ATOI,nhl_season_player_stats_1988
ATOI,nhl_playoff_player_stats_2020
TOI,nhl_season_player_stats_1983
ATOI,nhl_season_player_stats_1983
GPS,nhl_playoff_player_goalie_stats_2010
RgRec,nhl_season_standings_2014
EV.1,nhl_playoff_player_stats_2011
PP.1,nhl_playoff_player_stats_2011
SH.1,nhl_playoff_player_stats_2011
ATOI,nhl_playoff_player_stats_2011
SportRadarPlayerID,nhl_all_players
GS,nhl_season_player_goalie_stats_1980
QS,nhl_season_player_goalie_stats_1980
QS%,nhl_season_player_goalie_stats_1980
RBS,nhl_season_player_goalie_stats_1980
ATOI,nhl_playoff_player_stats_2018
ATOI,nhl_season_player_stats_2017
ATOI,nhl_season_player_stats_2020
GS,nhl_playoff_player_goalie_stats_1990
GPS,nhl_playoff_player_goalie_stats_1990
QS,nhl_playoff_player_goalie_stats_1990
QS%,nhl_playoff_player_goalie_stats_1990
RBS,nhl_playoff_player_goalie_stats_1990
GS,nhl_season_player_goalie_stats_1981
QS,nhl_season_player_goalie_stats_1981
QS%,nhl_season_player_goalie_stats_1981
RBS,nhl_season_player_goalie_stats_1981
GPS,nhl_playoff_player_goalie_stats_2011
GS,nhl_playoff_player_goalie_stats_2004
GPS,nhl_playoff_player_goalie_stats_2004
QS,nhl_playoff_player_goalie_stats_2004
QS%,nhl_playoff_player_goalie_stats_2004
RBS,nhl_playoff_player_goalie_stats_2004
GS,nhl_season_player_goalie_stats_2001
QS,nhl_season_player_goalie_stats_2001
QS%,nhl_season_player_goalie_stats_2001
RBS,nhl_season_player_goalie_stats_2001
GS,nhl_season_player_goalie_stats_1990
QS,nhl_season_player_goalie_stats_1990
QS%,nhl_season_player_goalie_stats_1990
RBS,nhl_season_player_goalie_stats_1990
TOI,nhl_season_player_stats_1989
ATOI,nhl_season_player_stats_1989
GS,nhl_season_player_goalie_stats_1994
QS,nhl_season_player_goalie_stats_1994
QS%,nhl_season_player_goalie_stats_1994
RBS,nhl_season_player_goalie_stats_1994
GS,nhl_season_player_goalie_stats_1989
QS,nhl_season_player_goalie_stats_1989
QS%,nhl_season_player_goalie_stats_1989
RBS,nhl_season_player_goalie_stats_1989
GS,nhl_playoff_player_goalie_stats_1986
GPS,nhl_playoff_player_goalie_stats_1986
QS,nhl_playoff_player_goalie_stats_1986
QS%,nhl_playoff_player_goalie_stats_1986
RBS,nhl_playoff_player_goalie_stats_1986
ATOI,nhl_playoff_player_stats_2022
GS,nhl_playoff_player_goalie_stats_2001
GPS,nhl_playoff_player_goalie_stats_2001
QS,nhl_playoff_player_goalie_stats_2001
QS%,nhl_playoff_player_goalie_stats_2001
RBS,nhl_playoff_player_goalie_stats_2001
GPS,nhl_playoff_player_goalie_stats_2018
GS,nhl_playoff_player_goalie_stats_2002
GPS,nhl_playoff_player_goalie_stats_2002
QS,nhl_playoff_player_goalie_stats_2002
QS%,nhl_playoff_player_goalie_stats_2002
RBS,nhl_playoff_player_goalie_stats_2002
ATOI,nhl_season_player_stats_2013
EV.1,nhl_playoff_player_stats_1985
PP.1,nhl_playoff_player_stats_1985
SH.1,nhl_playoff_player_stats_1985
TOI,nhl_playoff_player_stats_1985
ATOI,nhl_playoff_player_stats_1985
EV.1,nhl_playoff_player_stats_1996
PP.1,nhl_playoff_player_stats_1996
SH.1,nhl_playoff_player_stats_1996
TOI,nhl_playoff_player_stats_1996
ATOI,nhl_playoff_player_stats_1996
RgRec,nhl_season_standings_2020
GPS,nhl_playoff_player_goalie_stats_2019
GS,nhl_playoff_player_goalie_stats_1997
GPS,nhl_playoff_player_goalie_stats_1997
QS,nhl_playoff_player_goalie_stats_1997
QS%,nhl_playoff_player_goalie_stats_1997
RBS,nhl_playoff_player_goalie_stats_1997
GS,nhl_playoff_player_goalie_stats_2003
GPS,nhl_playoff_player_goalie_stats_2003
QS,nhl_playoff_player_goalie_stats_2003
QS%,nhl_playoff_player_goalie_stats_2003
RBS,nhl_playoff_player_goalie_stats_2003
GS,nhl_playoff_player_goalie_stats_1984
GPS,nhl_playoff_player_goalie_stats_1984
QS,nhl_playoff_player_goalie_stats_1984
QS%,nhl_playoff_player_goalie_stats_1984
RBS,nhl_playoff_player_goalie_stats_1984
ATOI,nhl_season_player_stats_2023
RgRec,nhl_season_standings_2023
ATOI,nhl_playoff_player_stats_2017
EV.1,nhl_playoff_player_stats_2004
PP.1,nhl_playoff_player_stats_2004
SH.1,nhl_playoff_player_stats_2004
ATOI,nhl_playoff_player_stats_2004
GS,nhl_playoff_player_goalie_stats_1985
GPS,nhl_playoff_player_goalie_stats_1985
QS,nhl_playoff_player_goalie_stats_1985
QS%,nhl_playoff_player_goalie_stats_1985
RBS,nhl_playoff_player_goalie_stats_1985
RgRec,nhl_season_standings_2011
EV.1,nhl_playoff_player_stats_2006
PP.1,nhl_playoff_player_stats_2006
SH.1,nhl_playoff_player_stats_2006
ATOI,nhl_playoff_player_stats_2006
ATOI,nhl_season_player_stats_2001
EV.1,nhl_playoff_player_stats_1986
PP.1,nhl_playoff_player_stats_1986
SH.1,nhl_playoff_player_stats_1986
TOI,nhl_playoff_player_stats_1986
ATOI,nhl_playoff_player_stats_1986
GPS,nhl_playoff_player_goalie_stats_2013
GS,nhl_playoff_player_goalie_stats_2000
GPS,nhl_playoff_player_goalie_stats_2000
QS,nhl_playoff_player_goalie_stats_2000
QS%,nhl_playoff_player_goalie_stats_2000
RBS,nhl_playoff_player_goalie_stats_2000
RgRec,nhl_season_standings_2018
GS,nhl_playoff_player_goalie_stats_1987
GPS,nhl_playoff_player_goalie_stats_1987
QS,nhl_playoff_player_goalie_stats_1987
QS%,nhl_playoff_player_goalie_stats_1987
RBS,nhl_playoff_player_goalie_stats_1987
GS,nhl_season_player_goalie_stats_1993
QS,nhl_season_player_goalie_stats_1993
QS%,nhl_season_player_goalie_stats_1993
RBS,nhl_season_player_goalie_stats_1993
TOI,nhl_season_player_stats_1980
ATOI,nhl_season_player_stats_1980
GS,nhl_season_player_goalie_stats_1996
QS,nhl_season_player_goalie_stats_1996
QS%,nhl_season_player_goalie_stats_1996
RBS,nhl_season_player_goalie_stats_1996
ATOI,nhl_playoff_player_stats_2016
GS,nhl_playoff_player_goalie_stats_2006
GPS,nhl_playoff_player_goalie_stats_2006
QS,nhl_playoff_player_goalie_stats_2006
QS%,nhl_playoff_player_goalie_stats_2006
RBS,nhl_playoff_player_goalie_stats_2006
EV.1,nhl_playoff_player_stats_2003
PP.1,nhl_playoff_player_stats_2003
SH.1,nhl_playoff_player_stats_2003
ATOI,nhl_playoff_player_stats_2003
ATOI,nhl_season_player_stats_2019
ATOI,nhl_season_player_stats_2022
GS,nhl_playoff_player_goalie_stats_1995
GPS,nhl_playoff_player_goalie_stats_1995
QS,nhl_playoff_player_goalie_stats_1995
QS%,nhl_playoff_player_goalie_stats_1995
RBS,nhl_playoff_player_goalie_stats_1995
TOI,nhl_season_player_stats_1995
ATOI,nhl_season_player_stats_1995
ATOI,nhl_playoff_player_stats_2019
ATOI,nhl_season_player_stats_2003
TOI,nhl_season_player_stats_1991
ATOI,nhl_season_player_stats_1991
GPS,nhl_playoff_player_goalie_stats_2014
EV.1,nhl_playoff_player_stats_2008
PP.1,nhl_playoff_player_stats_2008
SH.1,nhl_playoff_player_stats_2008
ATOI,nhl_playoff_player_stats_2008
RgRec,nhl_season_standings_2010
ATOI,nhl_season_player_stats_2016
ATOI,nhl_playoff_player_stats_2021
EV.1,nhl_playoff_player_stats_2000
PP.1,nhl_playoff_player_stats_2000
SH.1,nhl_playoff_player_stats_2000
ATOI,nhl_playoff_player_stats_2000
GS,nhl_playoff_player_goalie_stats_1982
GPS,nhl_playoff_player_goalie_stats_1982
QS,nhl_playoff_player_goalie_stats_1982
QS%,nhl_playoff_player_goalie_stats_1982
RBS,nhl_playoff_player_goalie_stats_1982
GS,nhl_playoff_player_goalie_stats_1992
GPS,nhl_playoff_player_goalie_stats_1992
QS,nhl_playoff_player_goalie_stats_1992
QS%,nhl_playoff_player_goalie_stats_1992
RBS,nhl_playoff_player_goalie_stats_1992
TOI,nhl_season_player_stats_1994
ATOI,nhl_season_player_stats_1994
RgRec,nhl_season_standings_2009
GPS,nhl_playoff_player_goalie_stats_2020
GS,nhl_playoff_player_goalie_stats_1980
GPS,nhl_playoff_player_goalie_stats_1980
QS,nhl_playoff_player_goalie_stats_1980
QS%,nhl_playoff_player_goalie_stats_1980
RBS,nhl_playoff_player_goalie_stats_1980
EV.1,nhl_playoff_player_stats_1984
PP.1,nhl_playoff_player_stats_1984
SH.1,nhl_playoff_player_stats_1984
TOI,nhl_playoff_player_stats_1984
ATOI,nhl_playoff_player_stats_1984
TOI,nhl_season_player_stats_1984
ATOI,nhl_season_player_stats_1984
EV.1,nhl_playoff_player_stats_1981
PP.1,nhl_playoff_player_stats_1981
SH.1,nhl_playoff_player_stats_1981
TOI,nhl_playoff_player_stats_1981
ATOI,nhl_playoff_player_stats_1981
TOI,nhl_season_player_stats_1981
ATOI,nhl_season_player_stats_1981
EV.1,nhl_playoff_player_stats_2001
PP.1,nhl_playoff_player_stats_2001
SH.1,nhl_playoff_player_stats_2001
ATOI,nhl_playoff_player_stats_2001
GS,nhl_season_player_goalie_stats_1991
QS,nhl_season_player_goalie_stats_1991
QS%,nhl_season_player_goalie_stats_1991
RBS,nhl_season_player_goalie_stats_1991
GS,nhl_season_player_goalie_stats_1985
QS,nhl_season_player_goalie_stats_1985
QS%,nhl_season_player_goalie_stats_1985
RBS,nhl_season_player_goalie_stats_1985
GPS,nhl_playoff_player_goalie_stats_2017
GS,nhl_playoff_player_goalie_stats_1983
GPS,nhl_playoff_player_goalie_stats_1983
QS,nhl_playoff_player_goalie_stats_1983
QS%,nhl_playoff_player_goalie_stats_1983
RBS,nhl_playoff_player_goalie_stats_1983
GPS,nhl_playoff_player_goalie_stats_2012
ATOI,nhl_season_player_stats_2004
GS,nhl_season_player_goalie_stats_1986
QS,nhl_season_player_goalie_stats_1986
QS%,nhl_season_player_goalie_stats_1986
RBS,nhl_season_player_goalie_stats_1986
ATOI,nhl_season_player_stats_2021
RgRec,nhl_season_standings_2019
GS,nhl_playoff_player_goalie_stats_1989
GPS,nhl_playoff_player_goalie_stats_1989
QS,nhl_playoff_player_goalie_stats_1989
QS%,nhl_playoff_player_goalie_stats_1989
RBS,nhl_playoff_player_goalie_stats_1989
ATOI,nhl_season_player_stats_2009
TOI,nhl_season_player_stats_1997
ATOI,nhl_season_player_stats_1997
GS,nhl_season_player_goalie_stats_1997
QS,nhl_season_player_goalie_stats_1997
QS%,nhl_season_player_goalie_stats_1997
RBS,nhl_season_player_goalie_stats_1997
RgRec,nhl_season_standings_2017
ATOI,nhl_season_player_stats_2018
RgRec,nhl_season_standings_2008
EV.1,nhl_playoff_player_stats_2012
PP.1,nhl_playoff_player_stats_2012
SH.1,nhl_playoff_player_stats_2012
ATOI,nhl_playoff_player_stats_2012
EV.1,nhl_playoff_player_stats_2007
PP.1,nhl_playoff_player_stats_2007
SH.1,nhl_playoff_player_stats_2007
ATOI,nhl_playoff_player_stats_2007
GS,nhl_playoff_player_goalie_stats_1988
GPS,nhl_playoff_player_goalie_stats_1988
QS,nhl_playoff_player_goalie_stats_1988
QS%,nhl_playoff_player_goalie_stats_1988
RBS,nhl_playoff_player_goalie_stats_1988
ATOI,nhl_season_player_stats_2014
GS,nhl_season_player_goalie_stats_2003
QS,nhl_season_player_goalie_stats_2003
QS%,nhl_season_player_goalie_stats_2003
RBS,nhl_season_player_goalie_stats_2003
GS,nhl_playoff_player_goalie_stats_1991
GPS,nhl_playoff_player_goalie_stats_1991
QS,nhl_playoff_player_goalie_stats_1991
QS%,nhl_playoff_player_goalie_stats_1991
RBS,nhl_playoff_player_goalie_stats_1991
EV.1,nhl_playoff_player_stats_1989
PP.1,nhl_playoff_player_stats_1989
SH.1,nhl_playoff_player_stats_1989
TOI,nhl_playoff_player_stats_1989
ATOI,nhl_playoff_player_stats_1989
TOI,nhl_season_player_stats_1990
ATOI,nhl_season_player_stats_1990
EV.1,nhl_playoff_player_stats_2009
PP.1,nhl_playoff_player_stats_2009
SH.1,nhl_playoff_player_stats_2009
ATOI,nhl_playoff_player_stats_2009
EV.1,nhl_playoff_player_stats_1993
PP.1,nhl_playoff_player_stats_1993
SH.1,nhl_playoff_player_stats_1993
TOI,nhl_playoff_player_stats_1993
ATOI,nhl_playoff_player_stats_1993
ATOI,nhl_season_player_stats_2000
TOI,nhl_season_player_stats_1982
ATOI,nhl_season_player_stats_1982
RgRec,nhl_season_standings_2022
ATOI,nhl_season_player_stats_2015
GS,nhl_playoff_player_goalie_stats_1981
GPS,nhl_playoff_player_goalie_stats_1981
QS,nhl_playoff_player_goalie_stats_1981
QS%,nhl_playoff_player_goalie_stats_1981
RBS,nhl_playoff_player_goalie_stats_1981
ATOI,nhl_playoff_player_stats_2015
ATOI,nhl_season_player_stats_1999
GS,nhl_season_player_goalie_stats_2002
QS,nhl_season_player_goalie_stats_2002
QS%,nhl_season_player_goalie_stats_2002
RBS,nhl_season_player_goalie_stats_2002
GPS,nhl_playoff_player_goalie_stats_2009
GS,nhl_season_player_goalie_stats_1982
QS,nhl_season_player_goalie_stats_1982
QS%,nhl_season_player_goalie_stats_1982
RBS,nhl_season_player_goalie_stats_1982
GS,nhl_season_player_goalie_stats_1998
QS,nhl_season_player_goalie_stats_1998
QS%,nhl_season_player_goalie_stats_1998
RBS,nhl_season_player_goalie_stats_1998
EV.1,nhl_playoff_player_stats_2014
PP.1,nhl_playoff_player_stats_2014
SH.1,nhl_playoff_player_stats_2014
ATOI,nhl_playoff_player_stats_2014
ATOI,nhl_season_player_stats_2002
EV.1,nhl_playoff_player_stats_1994
PP.1,nhl_playoff_player_stats_1994
SH.1,nhl_playoff_player_stats_1994
TOI,nhl_playoff_player_stats_1994
ATOI,nhl_playoff_player_stats_1994
EV.1,nhl_playoff_player_stats_1991
PP.1,nhl_playoff_player_stats_1991
SH.1,nhl_playoff_player_stats_1991
TOI,nhl_playoff_player_stats_1991
ATOI,nhl_playoff_player_stats_1991
RgRec,nhl_season_standings_2016
EV.1,nhl_playoff_player_stats_1990
PP.1,nhl_playoff_player_stats_1990
SH.1,nhl_playoff_player_stats_1990
TOI,nhl_playoff_player_stats_1990
ATOI,nhl_playoff_player_stats_1990
ATOI,nhl_season_player_stats_2006
TOI,nhl_season_player_stats_1996
ATOI,nhl_season_player_stats_1996
EV.1,nhl_playoff_player_stats_2010
PP.1,nhl_playoff_player_stats_2010
SH.1,nhl_playoff_player_stats_2010
ATOI,nhl_playoff_player_stats_2010
TOI,nhl_season_player_stats_1987
ATOI,nhl_season_player_stats_1987
GPS,nhl_playoff_player_goalie_stats_2016
RgRec,nhl_season_standings_2007
TOI,nhl_season_player_stats_1992
ATOI,nhl_season_player_stats_1992
EV.1,nhl_playoff_player_stats_1987
PP.1,nhl_playoff_player_stats_1987
SH.1,nhl_playoff_player_stats_1987
TOI,nhl_playoff_player_stats_1987
ATOI,nhl_playoff_player_stats_1987
TOI,nhl_season_player_stats_1993
ATOI,nhl_season_player_stats_1993
GS,nhl_season_player_goalie_stats_1987
QS,nhl_season_player_goalie_stats_1987
QS%,nhl_season_player_goalie_stats_1987
RBS,nhl_season_player_goalie_stats_1987
EV.1,nhl_playoff_player_stats_1983
PP.1,nhl_playoff_player_stats_1983
SH.1,nhl_playoff_player_stats_1983
TOI,nhl_playoff_player_stats_1983
ATOI,nhl_playoff_player_stats_1983
GS,nhl_season_player_goalie_stats_2004
QS,nhl_season_player_goalie_stats_2004
QS%,nhl_season_player_goalie_stats_2004
RBS,nhl_season_player_goalie_stats_2004
GPS,nhl_playoff_player_goalie_stats_2021
GS,nhl_season_player_goalie_stats_1988
QS,nhl_season_player_goalie_stats_1988
QS%,nhl_season_player_goalie_stats_1988
RBS,nhl_season_player_goalie_stats_1988
GS,nhl_playoff_player_goalie_stats_1999
GPS,nhl_playoff_player_goalie_stats_1999
QS,nhl_playoff_player_goalie_stats_1999
QS%,nhl_playoff_player_goalie_stats_1999
RBS,nhl_playoff_player_goalie_stats_1999
ATOI,nhl_season_player_stats_2011
GS,nhl_season_player_goalie_stats_1995
QS,nhl_season_player_goalie_stats_1995
QS%,nhl_season_player_goalie_stats_1995
RBS,nhl_season_player_goalie_stats_1995
ATOI,nhl_season_player_stats_2008
GS,nhl_season_player_goalie_stats_1984
QS,nhl_season_player_goalie_stats_1984
QS%,nhl_season_player_goalie_stats_1984
RBS,nhl_season_player_goalie_stats_1984
GS,nhl_playoff_player_goalie_stats_1998
GPS,nhl_playoff_player_goalie_stats_1998
QS,nhl_playoff_player_goalie_stats_1998
QS%,nhl_playoff_player_goalie_stats_1998
RBS,nhl_playoff_player_goalie_stats_1998
EV.1,nhl_playoff_player_stats_1999
PP.1,nhl_playoff_player_stats_1999
SH.1,nhl_playoff_player_stats_1999
ATOI,nhl_playoff_player_stats_1999
RgRec,nhl_season_standings_2013
EV.1,nhl_playoff_player_stats_1988
PP.1,nhl_playoff_player_stats_1988
SH.1,nhl_playoff_player_stats_1988
TOI,nhl_playoff_player_stats_1988
ATOI,nhl_playoff_player_stats_1988
GS,nhl_playoff_player_goalie_stats_1994
GPS,nhl_playoff_player_goalie_stats_1994
QS,nhl_playoff_player_goalie_stats_1994
QS%,nhl_playoff_player_goalie_stats_1994
RBS,nhl_playoff_player_goalie_stats_1994
ATOI,nhl_season_player_stats_2007
EV.1,nhl_playoff_player_stats_1997
PP.1,nhl_playoff_player_stats_1997
SH.1,nhl_playoff_player_stats_1997
TOI,nhl_playoff_player_stats_1997
ATOI,nhl_playoff_player_stats_1997
GS,nhl_season_player_goalie_stats_1983
QS,nhl_season_player_goalie_stats_1983
QS%,nhl_season_player_goalie_stats_1983
RBS,nhl_season_player_goalie_stats_1983
RgRec,nhl_season_standings_2012
GS,nhl_playoff_player_goalie_stats_2007
GPS,nhl_playoff_player_goalie_stats_2007
QS,nhl_playoff_player_goalie_stats_2007
QS%,nhl_playoff_player_goalie_stats_2007
RBS,nhl_playoff_player_goalie_stats_2007
EV.1,nhl_playoff_player_stats_2013
PP.1,nhl_playoff_player_stats_2013
SH.1,nhl_playoff_player_stats_2013
ATOI,nhl_playoff_player_stats_2013
RgRec,nhl_season_standings_2015
EV.1,nhl_playoff_player_stats_1992
PP.1,nhl_playoff_player_stats_1992
SH.1,nhl_playoff_player_stats_1992
TOI,nhl_playoff_player_stats_1992
ATOI,nhl_playoff_player_stats_1992
GS,nhl_season_player_goalie_stats_2007
QS,nhl_season_player_goalie_stats_2007
QS%,nhl_season_player_goalie_stats_2007
RBS,nhl_season_player_goalie_stats_2007
EV.1,nhl_playoff_player_stats_1998
PP.1,nhl_playoff_player_stats_1998
SH.1,nhl_playoff_player_stats_1998
TOI,nhl_playoff_player_stats_1998
ATOI,nhl_playoff_player_stats_1998
TOI,nhl_season_player_stats_1998
ATOI,nhl_season_player_stats_1998
EV.1,nhl_playoff_player_stats_1995
PP.1,nhl_playoff_player_stats_1995
SH.1,nhl_playoff_player_stats_1995
TOI,nhl_playoff_player_stats_1995
ATOI,nhl_playoff_player_stats_1995
RgRec,nhl_season_standings_2006
GPS,nhl_playoff_player_goalie_stats_2008
GS,nhl_playoff_player_goalie_stats_1993
GPS,nhl_playoff_player_goalie_stats_1993
QS,nhl_playoff_player_goalie_stats_1993
QS%,nhl_playoff_player_goalie_stats_1993
RBS,nhl_playoff_player_goalie_stats_1993
TOI,nhl_season_player_stats_1985
ATOI,nhl_season_player_stats_1985
GS,nhl_playoff_player_goalie_stats_1996
GPS,nhl_playoff_player_goalie_stats_1996
QS,nhl_playoff_player_goalie_stats_1996
QS%,nhl_playoff_player_goalie_stats_1996
RBS,nhl_playoff_player_goalie_stats_1996
GS,nhl_season_player_goalie_stats_2006
QS,nhl_season_player_goalie_stats_2006
QS%,nhl_season_player_goalie_stats_2006
RBS,nhl_season_player_goalie_stats_2006
Min,Serie-A_player_stats_2006
Attendance,Premier-League_season_standings_2007
Attendance,La-Liga_season_standings_2000
Attendance,La-Liga_season_standings_2003
Attendance,Premier-League_season_standings_2008
Attendance,bundesliga_season_standings_2008
Attendance,Premier-League_season_standings_1982
Min,bundesliga_player_stats_2006
Attendance,bundesliga_season_standings_2001
Min,bundesliga_player_stats_2009
Min,Serie-A_player_stats_2004
Min,bundesliga_player_stats_2021
Attendance,Ligue-1_season_standings_2007
Attendance,Ligue-1_season_standings_2004
Attendance,La-Liga_season_standings_2016
Min,La-Liga_player_stats_2013
Min,Ligue-1_player_stats_2011
Attendance,La-Liga_season_standings_2015
Attendance,Premier-League_season_standings_1984
Attendance,Ligue-1_season_standings_2017
Min,Premier-League_player_stats_2014
Attendance,Serie-A_season_standings_2019
Attendance,Serie-A_season_standings_2009
Attendance,La-Liga_season_standings_1999
Attendance,bundesliga_season_standings_1999
Min,Ligue-1_player_stats_2016
Min,La-Liga_player_stats_2002
Attendance,Premier-League_season_standings_2012
Attendance,Premier-League_season_standings_2018
Min,bundesliga_player_stats_2000
Min,bundesliga_player_stats_1992
Ast,bundesliga_player_stats_1992
PKatt,bundesliga_player_stats_1992
Ast.1,bundesliga_player_stats_1992
G+A,bundesliga_player_stats_1992
G+A-PK,bundesliga_player_stats_1992
Attendance,Ligue-1_season_standings_2010
Attendance,Serie-A_season_standings_2011
Min,Ligue-1_player_stats_1998
Ast,Ligue-1_player_stats_1998
PKatt,Ligue-1_player_stats_1998
Ast.1,Ligue-1_player_stats_1998
G+A,Ligue-1_player_stats_1998
G+A-PK,Ligue-1_player_stats_1998
Min,Ligue-1_player_stats_2000
Min,La-Liga_player_stats_2020
Min,Premier-League_player_stats_2018
Attendance,Premier-League_season_standings_2016
Attendance,Premier-League_season_standings_1980
Min,Premier-League_player_stats_2001
Attendance,Serie-A_season_standings_2006
Min,Ligue-1_player_stats_2003
Attendance,Premier-League_season_standings_2014
Attendance,bundesliga_season_standings_1998
Attendance,bundesliga_season_standings_2003
Min,Premier-League_player_stats_2000
Min,La-Liga_player_stats_2014
Attendance,Serie-A_season_standings_2016
Attendance,Serie-A_season_standings_2000
Min,Serie-A_player_stats_2005
Min,La-Liga_player_stats_2006
Attendance,Ligue-1_season_standings_2020
Attendance,La-Liga_season_standings_2011
Min,bundesliga_player_stats_1991
Ast,bundesliga_player_stats_1991
PKatt,bundesliga_player_stats_1991
Ast.1,bundesliga_player_stats_1991
G+A,bundesliga_player_stats_1991
G+A-PK,bundesliga_player_stats_1991
Min,bundesliga_player_stats_2012
Min,Serie-A_player_stats_2009
Min,Ligue-1_player_stats_2017
Min,La-Liga_player_stats_2018
Attendance,La-Liga_season_standings_2001
Attendance,La-Liga_season_standings_2008
Min,Ligue-1_player_stats_2009
Attendance,Premier-League_season_standings_1989
Min,La-Liga_player_stats_2001
Min,La-Liga_player_stats_2007
Min,Ligue-1_player_stats_2010
Attendance,Ligue-1_season_standings_2003
Min,bundesliga_player_stats_2011
Attendance,Serie-A_season_standings_2005
Attendance,Ligue-1_season_standings_2021
Attendance,Premier-League_season_standings_1985
Attendance,Ligue-1_season_standings_2016
Attendance,bundesliga_season_standings_2011
Min,Ligue-1_player_stats_2021
Attendance,La-Liga_season_standings_2007
Min,bundesliga_player_stats_2019
Min,La-Liga_player_stats_2005
Min,Premier-League_player_stats_2011
Min,Premier-League_player_stats_2008
Age,bundesliga_player_stats_2022
Min,La-Liga_player_stats_1998
Ast,La-Liga_player_stats_1998
PKatt,La-Liga_player_stats_1998
Ast.1,La-Liga_player_stats_1998
G+A,La-Liga_player_stats_1998
G+A-PK,La-Liga_player_stats_1998
Attendance,bundesliga_season_standings_2000
Min,Serie-A_player_stats_2007
Attendance,bundesliga_season_standings_2018
Attendance,La-Liga_season_standings_2009
Attendance,Premier-League_season_standings_2017
Min,Serie-A_player_stats_2017
Attendance,bundesliga_season_standings_2016
Attendance,Premier-League_season_standings_2021
Attendance,Serie-A_season_standings_2015
Attendance,Ligue-1_season_standings_2019
Min,Premier-League_player_stats_1998
Attendance,La-Liga_season_standings_2017
Attendance,Serie-A_season_standings_1998
Attendance,Premier-League_season_standings_1998
Attendance,Premier-League_season_standings_2001
Min,Serie-A_player_stats_2002
Min,La-Liga_player_stats_2015
Min,Ligue-1_player_stats_2014
Attendance,Premier-League_season_standings_1990
Min,bundesliga_player_stats_2002
Min,Premier-League_player_stats_2002
Min,Premier-League_player_stats_2020
Min,bundesliga_player_stats_2016
Attendance,bundesliga_season_standings_2006
Attendance,La-Liga_season_standings_2018
Min,Premier-League_player_stats_2015
Min,La-Liga_player_stats_2011
Attendance,Premier-League_season_standings_1981
Attendance,Serie-A_season_standings_2001
Min,Premier-League_player_stats_1999
Min,Serie-A_player_stats_2008
Attendance,Premier-League_season_standings_2000
Min,Ligue-1_player_stats_2013
Attendance,Serie-A_season_standings_2014
Min,Ligue-1_player_stats_2001
Attendance,Serie-A_season_standings_2010
Attendance,Serie-A_season_standings_2021
Attendance,bundesliga_season_standings_2021
Min,La-Liga_player_stats_2016
Attendance,bundesliga_season_standings_2022
Min,Premier-League_player_stats_2007
Attendance,Serie-A_season_standings_2017
Attendance,bundesliga_season_standings_1993
Attendance,bundesliga_season_standings_2002
Min,bundesliga_player_stats_2020
Min,Ligue-1_player_stats_2015
Min,Ligue-1_player_stats_1999
Attendance,Serie-A_season_standings_2007
Min,La-Liga_player_stats_2004
Attendance,Ligue-1_season_standings_2014
Attendance,Ligue-1_season_standings_2001
Min,Serie-A_player_stats_2015
Attendance,bundesliga_season_standings_1995
Attendance,Premier-League_season_standings_2006
Min,bundesliga_player_stats_1998
Ast,bundesliga_player_stats_1998
PKatt,bundesliga_player_stats_1998
Ast.1,bundesliga_player_stats_1998
G+A,bundesliga_player_stats_1998
G+A-PK,bundesliga_player_stats_1998
Attendance,Premier-League_season_standings_2011
Attendance,Premier-League_season_standings_1986
Attendance,La-Liga_season_standings_2006
Attendance,Serie-A_season_standings_2002
Attendance,Serie-A_season_standings_2013
Attendance,La-Liga_season_standings_2014
Min,bundesliga_player_stats_2017
Min,bundesliga_player_stats_1999
Min,bundesliga_player_stats_2008
Min,Serie-A_player_stats_2016
Attendance,Premier-League_season_standings_2010
Min,Serie-A_player_stats_2020
Min,bundesliga_player_stats_2010
Min,bundesliga_player_stats_2005
Attendance,Premier-League_season_standings_2005
Attendance,Premier-League_season_standings_2013
Min,Ligue-1_player_stats_2007
Min,bundesliga_player_stats_2014
Min,Premier-League_player_stats_2010
Attendance,Ligue-1_season_standings_2008
Attendance,Premier-League_season_standings_2015
Attendance,La-Liga_season_standings_1998
Min,Premier-League_player_stats_2019
Attendance,bundesliga_season_standings_2004
Attendance,bundesliga_season_standings_2013
Attendance,Ligue-1_season_standings_2018
Min,Serie-A_player_stats_2019
Min,Premier-League_player_stats_2003
Min,Ligue-1_player_stats_2018
Min,Ligue-1_player_stats_2008
Attendance,Ligue-1_season_standings_2002
Attendance,Serie-A_season_standings_2008
Min,Serie-A_player_stats_2000
Min,bundesliga_player_stats_2018
Min,bundesliga_player_stats_1994
Ast,bundesliga_player_stats_1994
PKatt,bundesliga_player_stats_1994
Ast.1,bundesliga_player_stats_1994
G+A,bundesliga_player_stats_1994
G+A-PK,bundesliga_player_stats_1994
Min,La-Liga_player_stats_2010
Attendance,Premier-League_season_standings_2002
Min,bundesliga_player_stats_2015
Attendance,Premier-League_season_standings_2019
Min,Ligue-1_player_stats_2019
Min,Ligue-1_player_stats_2006
Attendance,bundesliga_season_standings_1991
Min,Ligue-1_player_stats_2002
Min,Serie-A_player_stats_2013
Attendance,bundesliga_season_standings_1996
Min,La-Liga_player_stats_2012
Min,Premier-League_player_stats_2006
Attendance,bundesliga_season_standings_2014
Min,bundesliga_player_stats_1995
Ast,bundesliga_player_stats_1995
PKatt,bundesliga_player_stats_1995
Ast.1,bundesliga_player_stats_1995
G+A,bundesliga_player_stats_1995
G+A-PK,bundesliga_player_stats_1995
Min,La-Liga_player_stats_2019
Attendance,Serie-A_season_standings_2018
Min,La-Liga_player_stats_2021
Attendance,bundesliga_season_standings_1992
Attendance,Ligue-1_season_standings_2012
Min,bundesliga_player_stats_2004
Attendance,La-Liga_season_standings_2004
Min,Ligue-1_player_stats_2005
Attendance,Serie-A_season_standings_2004
Attendance,bundesliga_season_standings_2015
Attendance,Premier-League_season_standings_2003
Attendance,Ligue-1_season_standings_2009
Attendance,Premier-League_season_standings_2004
Min,La-Liga_player_stats_2000
Min,bundesliga_player_stats_2003
Attendance,Ligue-1_season_standings_2013
Min,Premier-League_player_stats_2017
Min,Serie-A_player_stats_2018
Min,Serie-A_player_stats_2010
Attendance,La-Liga_season_standings_2021
Attendance,bundesliga_season_standings_2012
Attendance,La-Liga_season_standings_2019
Attendance,bundesliga_season_standings_2017
Attendance,Ligue-1_season_standings_2015
Min,Premier-League_player_stats_2012
Min,La-Liga_player_stats_2008
Min,bundesliga_player_stats_1993
Ast,bundesliga_player_stats_1993
PKatt,bundesliga_player_stats_1993
Ast.1,bundesliga_player_stats_1993
G+A,bundesliga_player_stats_1993
G+A-PK,bundesliga_player_stats_1993
Attendance,bundesliga_season_standings_1997
Min,La-Liga_player_stats_2003
Attendance,Premier-League_season_standings_1999
Attendance,Ligue-1_season_standings_2011
Min,La-Liga_player_stats_2017
Min,Serie-A_player_stats_2021
Attendance,La-Liga_season_standings_2002
Min,Ligue-1_player_stats_2020
Attendance,Premier-League_season_standings_1983
Attendance,bundesliga_season_standings_1994
Attendance,Ligue-1_season_standings_2005
Attendance,bundesliga_season_standings_1990
Attendance,bundesliga_season_standings_2007
Min,Premier-League_player_stats_2009
Attendance,Ligue-1_season_standings_1999
Min,Premier-League_player_stats_2005
Min,La-Liga_player_stats_2009
Min,Premier-League_player_stats_2021
Attendance,Serie-A_season_standings_2012
Min,bundesliga_player_stats_1996
Ast,bundesliga_player_stats_1996
PKatt,bundesliga_player_stats_1996
Ast.1,bundesliga_player_stats_1996
G+A,bundesliga_player_stats_1996
G+A-PK,bundesliga_player_stats_1996
Min,Ligue-1_player_stats_2012
Min,Serie-A_player_stats_2001
Min,bundesliga_player_stats_2007
Min,La-Liga_player_stats_1999
Min,Premier-League_player_stats_2004
Min,bundesliga_player_stats_1990
Ast,bundesliga_player_stats_1990
PKatt,bundesliga_player_stats_1990
Ast.1,bundesliga_player_stats_1990
G+A,bundesliga_player_stats_1990
G+A-PK,bundesliga_player_stats_1990
Attendance,Serie-A_season_standings_1999
Min,bundesliga_player_stats_2013
Attendance,La-Liga_season_standings_2012
Min,Serie-A_player_stats_2014
Attendance,Premier-League_season_standings_2009
Attendance,Ligue-1_season_standings_2006
Attendance,bundesliga_season_standings_2005
Attendance,bundesliga_season_standings_2019
Attendance,La-Liga_season_standings_2010
Min,Serie-A_player_stats_1998
Min,Premier-League_player_stats_2016
Min,Serie-A_player_stats_2011
Min,Ligue-1_player_stats_2004
Min,bundesliga_player_stats_2001
Attendance,Ligue-1_season_standings_1998
Min,Serie-A_player_stats_2003
Min,Premier-League_player_stats_2013
Attendance,Serie-A_season_standings_2003
Attendance,bundesliga_season_standings_2009
Attendance,La-Liga_season_standings_2013
Attendance,La-Liga_season_standings_2005
Min,bundesliga_player_stats_1997
Ast,bundesliga_player_stats_1997
PKatt,bundesliga_player_stats_1997
Ast.1,bundesliga_player_stats_1997
G+A,bundesliga_player_stats_1997
G+A-PK,bundesliga_player_stats_1997
Attendance,bundesliga_season_standings_2010
Attendance,Ligue-1_season_standings_2000
